{
  "test": {
    "accuracy": 0.09375,
    "loss": 2.3124668896198273
  },
  "steps": 300
}